{
    "kind": "List",
    "apiVersion": "v1",
    "metadata": {},
    "items": [
      {
        "kind": "Deployment",
        "apiVersion": "apps/v1",
        "metadata": {
          "name": "automationchannelservice",
          "labels": {
            "app": "automationchannelservice",
            "io.kompose.service": "automationchannelservice",
            "filebeatInjection": "true"
          }
        },
        "spec": {
          "replicas": 1,
          "selector": {
            "matchLabels": {
              "app": "automationchannelservice",
              "io.kompose.service": "automationchannelservice"
            }
          },
          "template": {
            "metadata": {
              "labels": {
                "app": "automationchannelservice",
                "io.kompose.service": "automationchannelservice",
                "sidecar.opa-istio.io/inject": "false"
              }
            },
            "spec": {
              "containers": [
                {
                  "name": "automationchannelservice",
                  "image": "__registry__/automationchannelservice:%PACE.user.applicationVersion%",
                  "ports": [
                    {
                      "containerPort": 80,
                      "protocol": "TCP"
                    }
                  ],
                  "resources": {},
                  "imagePullPolicy": "Always",
                  "env": [
                    {
                      "name": "PBS_LogConfig__Targets__0__Type",
                      "value": "jsonfile"
                    },
                    {
                      "name": "PBS_LogConfig__Targets__0__FileName",
                      "value": "/var/logs/automationchannelservice/channel_service.log"
                    },
                    {
                      "name": "PBS_MQService__HostName",
                      "value": "rabbitmq-service.default.svc.cluster.local"
                    },
                    {
                      "name": "PBS_LogConfig__LogLevel",
                      "value": "info"
                    }
                  ],
                  "securityContext": {
                    "allowPrivilegeEscalation": true,
                    "privileged": true
                  }
                }
              ],
              "restartPolicy": "Always"
            }
          },
          "strategy": {
            "type": "RollingUpdate",
            "rollingUpdate": {
              "maxUnavailable": 1,
              "maxSurge": 1
            }
          }
        },
        "status": {}
      },
      {
        "kind": "Service",
        "apiVersion": "v1",
        "metadata": {
          "name": "automationchannelservice"
        },
        "spec": {
          "ports": [
            {
              "name": "http-80",
              "protocol": "TCP",
              "port": 80,
              "targetPort": 80
            }
          ],
          "selector": {
            "io.kompose.service": "automationchannelservice"
          },
          "type": "ClusterIP",
          "sessionAffinity": "None"
        },
        "status": {
          "loadBalancer": {}
        }
      }
    ]
  }